City,Neighborhood,House_Type,Bedrooms,Bathrooms,Square_Feet,Year_Built,Price,Days_on_Market,Monthly_Mortgage
Sacramento,Natomas,Single Family,3,3.0,3692,2002,1754438.4000000004,89,7878.212436078119
Sacramento,Natomas,Single Family,4,2.0,2285,1952,972724.5000000002,16,4367.96769426494
Sacramento,Land Park,Condo,2,2.5,2924,1932,863164.7999999999,72,3875.995681435655
Sacramento,East Sac,Single Family,4,1.0,1074,1958,463581.3600000001,56,2081.6874707518987
Sacramento,Land Park,Townhouse,3,2.5,1867,1963,741012.3,17,3327.4763691599824
Sacramento,Downtown,Townhouse,5,1.0,2814,1917,1000377.0,18,4492.139776561275
Sacramento,Downtown,Condo,2,1.5,3424,1989,1151285.76,67,5169.78754677944
Sacramento,East Sac,Townhouse,4,2.5,3156,1907,1093554.0,61,4910.546145320902
Sacramento,Natomas,Condo,1,2.5,2185,2003,756709.2000000001,18,3397.962464760646
Sacramento,East Sac,Condo,2,2.5,2100,1962,665280.0,32,2987.404499054541
Sacramento,East Sac,Condo,2,2.5,2917,1994,991313.2799999999,62,4451.439623383408
Sacramento,Natomas,Condo,4,1.0,2943,1984,978959.52,67,4395.965720358757
Sacramento,Land Park,Condo,1,2.5,2835,2008,992023.2,55,4454.6274814311
Sacramento,Downtown,Townhouse,5,1.0,3168,1987,1325808.0,15,5953.470394544406
Sacramento,Land Park,Townhouse,3,2.0,3240,1907,1122660.0,49,5041.245092154538
Sacramento,Natomas,Single Family,3,3.0,2878,2021,1421760.7800000003,55,6384.341255939295
Sacramento,Land Park,Townhouse,1,2.5,3577,1932,1319913.0,62,5926.999210198077
Sacramento,Natomas,Townhouse,5,2.0,3331,2003,1441989.9,49,6475.179044689766
Sacramento,Downtown,Townhouse,5,2.0,1628,1989,684248.3999999999,28,3072.5810916168693
Sacramento,Natomas,Townhouse,1,1.5,3539,1976,1446035.4000000001,65,6493.345147535072
Sacramento,Natomas,Townhouse,1,2.5,1620,1995,689634.0,18,3096.764842323502
Sacramento,East Sac,Single Family,5,2.0,1140,1935,466111.8,27,2093.0502771500874
Sacramento,Land Park,Townhouse,3,2.0,3757,1927,1369426.5,80,6149.336951696298
Sacramento,East Sac,Single Family,1,3.0,3293,1927,1320328.3500000003,42,5928.864317308891
Sacramento,Land Park,Condo,3,1.5,2638,1991,890799.84,76,4000.089360529499
Sacramento,Downtown,Single Family,1,2.0,3280,2015,1600869.6,17,7188.619897546361
Sacramento,Natomas,Condo,3,1.0,917,1936,273339.36,65,1227.4158757706361
Sacramento,East Sac,Townhouse,3,1.0,1736,1961,685893.6,72,3079.9687748207
Sacramento,Land Park,Condo,2,2.0,3784,2000,1302301.44,70,5847.915435577812
Sacramento,Downtown,Townhouse,1,1.5,1241,1991,523826.10000000003,68,2352.2132754061354
Sacramento,Natomas,Single Family,1,1.0,2261,1901,848349.8100000002,67,3809.4697558412477
Sacramento,Land Park,Condo,4,2.0,3855,2022,1387800.0,31,6231.842177410852
Sacramento,Natomas,Condo,5,2.5,797,1985,265687.92000000004,25,1193.057490909757
Sacramento,Natomas,Single Family,1,2.5,786,1969,347828.5800000001,17,1561.9057611708643
Sacramento,Land Park,Townhouse,4,2.0,1969,1966,786812.4,33,3533.1392852211115
Sacramento,Land Park,Townhouse,4,1.0,3576,1939,1342072.8,53,6026.506614927136
Sacramento,East Sac,Single Family,3,2.5,3120,1949,1318917.6000000003,37,5922.529419375629
Sacramento,Natomas,Condo,2,2.0,862,1915,243911.52,74,1095.271723513756
Sacramento,Downtown,Condo,1,2.5,1052,1936,313580.16000000003,46,1408.1150505024093
Sacramento,Natomas,Townhouse,1,1.0,3770,1918,1343628.0,62,6033.490157911939
Sacramento,Land Park,Townhouse,4,1.0,1227,1974,499143.60000000003,86,2241.377820337723
Sacramento,Land Park,Condo,4,2.0,3783,1988,1269272.16,39,5699.59920831631
Sacramento,Downtown,Condo,2,1.5,3469,1934,1029044.1599999999,75,4620.868135686929
Sacramento,Downtown,Single Family,4,1.0,997,1920,392837.94000000006,62,1764.0179012676135
Sacramento,Land Park,Townhouse,3,1.0,1239,1932,457191.00000000006,62,2052.9918986400385
Sacramento,Land Park,Townhouse,3,3.0,1162,1953,450739.8,22,2024.0231277401151
Sacramento,Natomas,Townhouse,2,3.0,1397,1996,595960.2,42,2676.1276195548394
Sacramento,Natomas,Single Family,5,2.5,1415,1918,554736.6000000001,18,2491.015233631282
Sacramento,Natomas,Single Family,1,2.5,1843,1929,742599.9900000001,60,3334.6058067638546
Sacramento,Downtown,Condo,3,2.5,2368,1936,705853.44,38,3169.5973760358406
Sacramento,Downtown,Single Family,5,2.0,1299,1996,609568.74,77,2737.2360455131784
Sacramento,Downtown,Single Family,1,2.0,727,1917,284293.35000000003,39,1276.6041859687462
Sacramento,East Sac,Townhouse,2,2.0,2495,1945,949846.5,38,4265.235250588036
Sacramento,East Sac,Townhouse,2,2.0,3137,1901,1070030.7,31,4804.916016273568
Sacramento,Land Park,Single Family,1,2.0,845,1947,355533.75000000006,53,1596.5054177425034
Sacramento,Downtown,Condo,2,2.0,2441,1924,706523.0399999999,38,3172.6041792654087
Sacramento,Downtown,Condo,1,2.5,1284,1919,367018.56,79,1648.0773469524395
Sacramento,Land Park,Condo,4,2.0,3118,1914,880024.32,80,3951.7024603857217
Sacramento,Land Park,Townhouse,3,1.0,1174,1961,463847.39999999997,36,2082.8821092393446
Sacramento,East Sac,Condo,1,2.5,1281,1969,412277.04,29,1851.3081471754583
Sacramento,East Sac,Townhouse,4,3.0,3640,1907,1261260.0,67,5663.621029457568
Sacramento,Land Park,Single Family,4,3.0,1591,2015,776519.3700000001,61,3486.918980791543
Sacramento,Natomas,Townhouse,4,3.0,969,2005,421224.3,44,1891.4853429099019
Sacramento,Natomas,Single Family,3,2.5,1681,1954,718930.0800000001,76,3228.3173332997253
Sacramento,Natomas,Townhouse,1,2.5,1612,1900,548402.4,72,2462.5718450160953
Sacramento,East Sac,Single Family,2,1.0,1087,2008,522999.18000000005,15,2348.500035073707
Sacramento,Land Park,Single Family,5,3.0,2894,1966,1272086.6400000001,40,5712.237481245753
Sacramento,Land Park,Townhouse,5,1.0,3956,1977,1619982.0,83,7274.443114459134
Sacramento,Natomas,Single Family,4,3.0,1827,1915,710830.8900000001,62,3191.9483508491817
Sacramento,Downtown,Townhouse,4,1.0,3925,1993,1663807.5,37,7471.239194114791
Sacramento,East Sac,Condo,5,2.5,3449,1951,1065327.1199999999,24,4783.794840146729
Sacramento,East Sac,Townhouse,2,1.0,1615,1968,648261.0,18,2910.9815836363573
Sacramento,Land Park,Townhouse,2,1.0,1495,1931,550309.5,38,2471.1355762572975
Sacramento,Land Park,Condo,3,2.5,2168,1932,639993.6000000001,75,2873.8572631164507
Sacramento,Natomas,Townhouse,5,2.5,2040,1939,765612.0,88,3437.9400152268895
Sacramento,Natomas,Single Family,5,2.5,2230,1945,933857.1000000001,16,4193.435699275533
Sacramento,Downtown,Townhouse,2,2.0,3374,1980,1390762.8,22,6245.146473421251
Sacramento,Downtown,Condo,2,1.5,3669,1933,1085730.48,21,4875.415044361241
Sacramento,Land Park,Condo,5,1.5,2116,1974,688631.04,43,3092.2611037226543
Sacramento,Land Park,Single Family,5,3.0,3408,1935,1393428.96,24,6257.118723269736
Sacramento,Downtown,Single Family,3,1.0,1722,2011,833637.42,50,3743.404550096531
Sacramento,East Sac,Single Family,5,2.5,2148,1922,850608.0000000002,44,3819.610038076878
Sacramento,Downtown,Single Family,4,1.0,1965,1912,758686.5000000001,73,3406.84142537269
Sacramento,Natomas,Single Family,4,2.5,3092,2004,1475440.5600000003,33,6625.387456456759
Sacramento,Land Park,Single Family,4,2.5,1450,2021,716314.5000000001,30,3216.572210254335
Sacramento,Downtown,Single Family,3,2.5,3696,1951,1569728.1600000004,67,7048.780915519191
Sacramento,Natomas,Single Family,5,3.0,1665,1957,717032.2500000001,53,3219.7952285010833
Sacramento,East Sac,Townhouse,2,3.0,3834,1986,1601078.4000000001,89,7189.557502854506
Sacramento,East Sac,Townhouse,4,1.0,3745,1957,1466167.5,31,6583.747273129432
Sacramento,Downtown,Condo,5,1.5,2016,1949,619799.04,41,2783.174664210085
Sacramento,East Sac,Condo,5,3.0,3836,1937,1146196.8,22,5146.935842234725
Sacramento,Land Park,Single Family,1,2.5,2280,1970,1011225.6000000001,59,4540.854838562903
Sacramento,Land Park,Condo,4,2.0,3092,2007,1079726.4000000001,68,4848.454042069449
Sacramento,Natomas,Townhouse,2,1.5,638,1966,254944.80000000002,59,1144.8160812448295
Sacramento,Downtown,Condo,4,1.5,2283,1991,770923.44,86,3461.7907543930423
Sacramento,Downtown,Townhouse,1,1.0,3034,1976,1239692.4,76,5566.77286736971
Sacramento,Downtown,Townhouse,4,1.0,1423,1932,525087.0,52,2357.8752798747173
Sacramento,Downtown,Condo,2,2.5,1284,1931,378112.32,59,1697.8932869106995
Sacramento,Downtown,Townhouse,5,3.0,802,2000,345020.4,50,1549.2957780567542
Sacramento,Natomas,Townhouse,4,1.0,2694,2004,1168657.2,63,5247.793075295338
Sacramento,East Sac,Townhouse,1,3.0,3930,1915,1390041.0,71,6241.905268864648
Sacramento,Natomas,Condo,4,2.5,972,1907,269438.39999999997,50,1209.898822117089
Sacramento,East Sac,Condo,4,1.5,1139,1991,384617.52,55,1727.1045419420393
Sacramento,Land Park,Townhouse,1,1.0,1528,2016,679348.8,43,3050.579698092989
Sacramento,Downtown,Condo,3,3.0,989,1981,326844.72,83,1467.678852543623
Sacramento,Natomas,Single Family,2,1.5,3471,1929,1398570.0300000003,19,6280.20442500127
Sacramento,Natomas,Single Family,1,1.5,823,2010,397607.76,63,1785.436524595656
Sacramento,Natomas,Single Family,2,1.0,3474,1926,1389461.0400000003,63,6239.300989293232
Sacramento,Downtown,Single Family,2,1.0,3770,1900,1410809.4000000001,35,6335.164665807537
Sacramento,Land Park,Townhouse,4,1.0,3356,1994,1425628.8,19,6401.710394272677
Sacramento,East Sac,Townhouse,5,3.0,3324,1973,1349211.5999999999,88,6058.563017100432
Sacramento,Natomas,Single Family,5,1.0,2501,1900,935924.2200000001,65,4202.717991826166
Sacramento,Downtown,Single Family,4,1.0,1480,2003,704761.2000000001,46,3164.6927303377183
Sacramento,East Sac,Townhouse,2,1.5,1273,1953,493796.69999999995,17,2217.3678499252724
Sacramento,Natomas,Condo,4,1.0,1677,2007,585608.4,19,2629.643411562246
Sacramento,East Sac,Condo,3,1.0,3048,2011,1073139.84,61,4818.877444280108
Sacramento,Natomas,Townhouse,5,3.0,1177,1974,478803.60000000003,65,2150.042130837408
Sacramento,Natomas,Condo,4,1.5,3453,1949,1061590.32,44,4767.01493825269
Sacramento,Natomas,Townhouse,3,1.5,1931,2020,865474.2000000001,52,3886.365919455913
Sacramento,Downtown,Townhouse,4,1.5,2728,1904,937886.4,43,4211.529056881413
Sacramento,Land Park,Condo,1,1.5,3432,1983,1139149.44,83,5115.290046523961
Sacramento,East Sac,Condo,5,1.5,804,2006,280177.92000000004,57,1258.1240661732554
Sacramento,Land Park,Townhouse,3,1.0,3854,1979,1585150.2,89,7118.03276689094
Sacramento,East Sac,Single Family,3,2.0,1266,1992,589069.8,46,2645.1866443860613
Sacramento,East Sac,Single Family,2,2.0,1628,1981,739779.4800000001,56,3321.940456439738
Sacramento,Downtown,Condo,5,1.0,3292,2004,1142455.68,26,5130.136541610172
Sacramento,East Sac,Condo,2,1.0,1701,1989,571944.24,59,2568.285226948548
Sacramento,Natomas,Single Family,2,1.0,2694,2020,1328195.8800000001,70,5964.193042835656
Sacramento,East Sac,Townhouse,5,1.0,1649,1935,612933.3,15,2752.34442346132
Sacramento,Land Park,Single Family,3,3.0,2315,1978,1045083.6000000001,61,4692.892388961213
Sacramento,Natomas,Condo,2,2.5,2725,1987,912330.0,16,4096.769400286239
Sacramento,Downtown,Condo,3,2.0,1630,1902,445967.99999999994,37,2002.5956133272537
Sacramento,East Sac,Townhouse,4,3.0,3945,2021,1771699.5,52,7955.7224886854865
Sacramento,Natomas,Townhouse,1,3.0,2675,1973,1085782.5,53,4875.648637407839
Sacramento,Downtown,Single Family,2,2.5,1136,1916,443108.16000000003,27,1989.753653727422
Sacramento,Land Park,Single Family,4,1.5,666,2004,317801.88000000006,32,1427.072459896572
Sacramento,Natomas,Townhouse,2,1.0,3395,1982,1405530.0,56,6311.457800559356
Sacramento,Downtown,Single Family,4,1.5,3991,1997,1876767.7500000002,73,8427.525883884182
Sacramento,Land Park,Townhouse,5,3.0,1912,1952,739944.0,36,3322.679224760121
Sacramento,Downtown,Condo,4,2.0,2997,1994,1018500.48,38,4573.522300747369
Sacramento,Natomas,Single Family,3,2.0,3190,1939,1316927.7000000002,50,5913.59387913292
Sacramento,Land Park,Townhouse,2,2.5,2355,1974,958014.0,18,4301.910975464822
Sacramento,Natomas,Condo,1,2.0,3221,1956,1006498.0800000001,80,4519.626161137802
Sacramento,Natomas,Townhouse,2,2.0,2820,1943,1068498.0,19,4798.033508343522
Sacramento,East Sac,Condo,4,2.0,1323,1996,451513.44,34,2027.4971170628794
Sacramento,Downtown,Townhouse,1,1.5,1253,1963,497315.69999999995,52,2233.169732489265
Sacramento,Downtown,Condo,3,2.5,3492,2006,1216892.16,17,5464.389600842049
Sacramento,Downtown,Condo,2,1.5,860,1922,247680.0,24,1112.193882764894
Sacramento,Land Park,Condo,5,1.5,2219,1964,706174.5599999999,77,3171.0393483373323
Sacramento,Downtown,Single Family,1,1.0,2594,1914,1006679.5200000001,38,4520.440907819363
Sacramento,East Sac,Townhouse,3,1.0,2204,1961,870800.4,74,3910.282937617986
Sacramento,Land Park,Condo,5,2.0,1760,1933,520819.2,49,2338.710950688412
Sacramento,Downtown,Condo,4,3.0,1472,2000,506603.52,28,2274.8761948125107
Sacramento,Land Park,Condo,3,3.0,3836,1904,1055053.44,40,4737.661425864252
Sacramento,East Sac,Single Family,5,1.5,2736,1917,1069912.8000000003,54,4804.386592586643
Sacramento,Land Park,Townhouse,3,3.0,3069,1996,1309235.4,37,5879.052014612601
Sacramento,Natomas,Townhouse,1,1.0,2792,1996,1191067.2,80,5348.423989833295
Sacramento,East Sac,Single Family,3,2.0,797,1905,302198.49000000005,81,1357.006265983479
Sacramento,Natomas,Townhouse,2,2.5,3686,2010,1618891.2,43,7269.5449350045155
Sacramento,Downtown,Condo,3,2.5,2804,1937,837835.2,71,3762.2544581924312
Sacramento,Downtown,Single Family,5,2.0,1550,1932,629145.0000000001,82,2825.142201114823
Sacramento,East Sac,Condo,2,3.0,2258,1973,733217.76,52,3292.4754013508486
Sacramento,Downtown,Townhouse,4,3.0,2863,1951,1105404.3,70,4963.759287960311
Sacramento,Natomas,Single Family,5,3.0,2694,1967,1186841.7000000002,59,5329.449606549934
Sacramento,East Sac,Townhouse,3,2.0,2555,1935,949693.5000000001,40,4264.54821221569
Sacramento,Natomas,Townhouse,5,2.5,610,1973,247599.0,52,1111.8301565677687
Sacramento,East Sac,Townhouse,2,2.0,3043,1989,1278972.9000000001,27,5743.159865964457
Sacramento,Land Park,Condo,2,1.0,3640,2010,1278950.4000000001,74,5743.058830909699
Sacramento,Natomas,Single Family,5,1.5,3656,1991,1697517.36,45,7622.611529712582
Sacramento,East Sac,Single Family,3,3.0,3967,1940,1641623.9400000002,25,7371.625096367908
Sacramento,Natomas,Single Family,5,3.0,2245,1935,917913.15,68,4121.840238773638
Sacramento,Natomas,Single Family,1,2.0,1535,1914,595702.8,35,2674.97177852842
Sacramento,Natomas,Single Family,5,1.0,801,1951,340192.7100000001,71,1527.6172925678766
Sacramento,Downtown,Condo,1,2.0,1174,2015,416723.04,39,1871.2726739954385
Sacramento,East Sac,Townhouse,2,1.5,1074,1933,397272.60000000003,31,1783.9315064199961
Sacramento,Land Park,Townhouse,3,2.5,1362,1950,524642.4,68,2355.8788271927187
Sacramento,Land Park,Single Family,4,3.0,2479,1932,1006226.1000000002,63,4518.404849395902
Sacramento,Downtown,Townhouse,3,1.5,2803,2013,1238645.7,63,5562.072716622416
Sacramento,Natomas,Single Family,4,1.0,1288,1919,506222.6400000001,77,2273.165873405585
Sacramento,Downtown,Single Family,1,3.0,1589,1986,729923.04,65,3277.6806362126736
Sacramento,Natomas,Townhouse,5,1.0,1028,1992,434844.0,44,1952.6438822554003
Sacramento,Land Park,Townhouse,2,1.0,3237,2014,1433343.6,61,6436.353293847752
Sacramento,East Sac,Condo,4,1.0,2761,1993,936310.3200000001,52,4204.451753365796
Sacramento,Natomas,Townhouse,4,1.0,3935,1928,1437849.0,69,6456.58455321229
Sacramento,Natomas,Townhouse,2,1.5,2501,1933,925119.8999999999,69,4154.2017668123
Sacramento,Land Park,Condo,5,1.0,912,2018,325693.44,81,1462.5090908618176
Sacramento,Land Park,Townhouse,3,3.0,927,1953,359583.30000000005,81,1614.6897068976652
Sacramento,Natomas,Single Family,4,1.5,2743,1987,1262740.05,46,5670.267115359481
Sacramento,Land Park,Condo,3,2.5,2123,1936,632823.8400000001,68,2841.6618367078086
Sacramento,Downtown,Condo,2,1.5,1374,1932,405604.80000000005,37,1821.3468078976032
Sacramento,Downtown,Townhouse,5,2.0,2171,1928,793283.3999999999,74,3562.19696696922
Sacramento,East Sac,Condo,1,3.0,2539,1910,709295.04,16,3185.0516980114694
Sacramento,Natomas,Townhouse,4,2.5,2908,1936,1083520.8,52,4865.492593703667
Sacramento,Land Park,Condo,1,1.5,1676,1943,508029.12,38,2281.277775881913
Sacramento,Downtown,Condo,3,1.0,3786,1980,1248471.36,28,5606.194320894573
Sacramento,Downtown,Condo,5,1.0,3872,2017,1379980.8,36,6196.7304751817055
Sacramento,Natomas,Condo,4,1.5,1041,1928,304305.12,51,1366.4659760902655
Sacramento,Natomas,Condo,2,3.0,2689,1999,923510.16,55,4146.973314854767
Sacramento,East Sac,Condo,1,3.0,3824,2001,1318821.1199999999,41,5922.096181060829
Sacramento,Downtown,Townhouse,3,1.5,2915,2008,1275021.0,67,5725.41406894694
Los Angeles,Beverly Hills,Condo,5,1.0,3569,1984,2110563.84,76,9477.374806333915
Los Angeles,Downtown LA,Condo,2,2.5,2445,2006,1514726.4,79,6801.798434037831
Los Angeles,Beverly Hills,Single Family,4,2.0,1393,1928,995382.0800000002,35,4469.710353640974
Los Angeles,Beverly Hills,Townhouse,4,1.0,786,1938,523161.60000000003,68,2349.229373455646
Los Angeles,Downtown LA,Townhouse,5,1.0,2385,1935,1576007.9999999998,34,7076.980203442082
Los Angeles,Beverly Hills,Townhouse,4,2.0,3605,2022,2884000.0,87,12950.448796406468
Los Angeles,Downtown LA,Condo,5,1.0,3360,1939,1793433.5999999999,31,8053.3183101785435
Los Angeles,Hollywood,Single Family,5,2.0,2239,1941,1651128.1600000001,39,7414.303291395571
Los Angeles,Beverly Hills,Townhouse,3,1.5,1852,2007,1437152.0,58,6453.454711738263
Los Angeles,Beverly Hills,Condo,2,2.5,2922,2000,1787796.48,58,8028.005122273135
Los Angeles,Beverly Hills,Townhouse,1,3.0,1640,1973,1183424.0,71,5314.102606254691
Los Angeles,Beverly Hills,Single Family,4,2.0,2399,1994,1992897.2800000003,35,8948.999369326537
Los Angeles,Hollywood,Townhouse,5,1.0,3113,1988,2321052.8,26,10422.564299637956
Los Angeles,Beverly Hills,Townhouse,2,1.0,2161,1946,1466022.4,46,6583.0957092874205
Los Angeles,Downtown LA,Townhouse,1,1.5,3628,1985,2687622.4,21,12068.625615560008
Los Angeles,Downtown LA,Townhouse,5,1.0,3530,1947,2400400.0,86,10778.868686163
Los Angeles,Downtown LA,Townhouse,5,1.5,3894,1993,2934518.4,53,13177.298987972481
Los Angeles,Beverly Hills,Condo,3,1.5,1214,1916,612244.48,28,2749.251313842755
Los Angeles,Beverly Hills,Townhouse,4,2.5,1721,1902,1046368.0,51,4698.65991893143
Los Angeles,Beverly Hills,Condo,4,1.0,1972,1985,1168686.08,39,5247.922759401177
Los Angeles,Hollywood,Condo,1,3.0,2049,2007,1272019.2,80,5711.934645508293
Los Angeles,Beverly Hills,Townhouse,2,1.5,3061,2022,2448800.0,27,10996.206315062469
Los Angeles,Hollywood,Condo,3,2.0,3710,1945,2008742.4,43,9020.151038963468
Los Angeles,Downtown LA,Single Family,5,3.0,1347,1956,1028892.4800000001,30,4620.187024704463
Los Angeles,Venice,Townhouse,1,1.5,3573,1924,2298153.6,19,10319.736658487238
Los Angeles,Hollywood,Condo,1,2.0,1765,2019,1122822.4,44,5041.974340727539
Los Angeles,Downtown LA,Condo,5,1.0,1031,1964,583298.5599999999,67,2619.2711977453628
Los Angeles,Downtown LA,Townhouse,1,1.0,1563,1911,972811.2,73,4368.357016009269
Los Angeles,Downtown LA,Single Family,5,3.0,1538,1969,1209975.36,53,5433.330077875688
Los Angeles,Venice,Townhouse,3,3.0,2873,1924,1847913.6,85,8297.957856096791
Los Angeles,Venice,Townhouse,4,3.0,1933,2016,1527843.2,88,6860.698727648338
Los Angeles,Beverly Hills,Condo,1,1.5,1536,2012,963379.2000000001,17,4326.0031210551415
Los Angeles,Venice,Condo,5,3.0,653,1946,354396.16000000003,63,1591.3971302784587
Los Angeles,Hollywood,Townhouse,4,1.5,2376,1960,1665100.7999999998,49,7477.046689062221
Los Angeles,Downtown LA,Condo,1,2.0,759,1998,462443.52,27,2076.578060676134
Los Angeles,Venice,Single Family,1,1.0,1179,1913,811340.6400000001,25,3643.282043954111
Los Angeles,Hollywood,Townhouse,3,2.5,1818,1924,1169337.6,56,5250.84837535119
Los Angeles,Hollywood,Townhouse,1,3.0,2018,1958,1407756.7999999998,52,6321.457127667482
Los Angeles,Venice,Townhouse,5,1.5,1513,1969,1082097.5999999999,51,4859.101789706771
Los Angeles,Venice,Single Family,4,3.0,1572,1980,1267157.7600000002,54,5690.104607437282
Los Angeles,Hollywood,Condo,5,2.0,3345,1966,1901030.4000000001,70,8536.476024830828
Los Angeles,Venice,Condo,3,3.0,2372,1932,1244825.5999999999,20,5589.823229284312
Los Angeles,Venice,Townhouse,4,1.0,3218,1958,2244876.8,62,10080.500018252706
Los Angeles,Hollywood,Single Family,3,3.0,2316,1941,1707911.04,77,7669.283797620431
Los Angeles,Beverly Hills,Condo,4,3.0,1156,1957,643660.7999999999,45,2890.3246299077755
Los Angeles,Beverly Hills,Condo,2,2.0,2174,1930,1135349.76,16,5098.227785330227
Los Angeles,Downtown LA,Single Family,5,2.5,894,1965,697033.9200000002,27,3129.993789985605
Los Angeles,Downtown LA,Townhouse,1,1.0,2664,2003,2050214.4000000001,74,9206.378851891544
Los Angeles,Venice,Single Family,3,2.0,3061,1970,2413537.2800000003,88,10837.86094412557
Los Angeles,Hollywood,Condo,4,2.5,2982,1993,1797788.1600000001,51,8072.8722305359925
Los Angeles,Hollywood,Condo,4,2.5,2487,1999,1518462.72,82,6818.576180517369
Los Angeles,Beverly Hills,Single Family,4,1.0,1485,1964,1155211.2000000002,36,5187.414526572564
Los Angeles,Downtown LA,Townhouse,2,1.5,3941,1963,2780769.6,61,12486.89816900267
Los Angeles,Hollywood,Townhouse,3,2.5,3028,1975,2194694.4,21,9855.15861683773
Los Angeles,Hollywood,Townhouse,1,2.0,3106,1957,2161776.0,40,9707.340290326072
Los Angeles,Downtown LA,Condo,2,3.0,1115,1980,653657.6,27,2935.2147292586483
Los Angeles,Hollywood,Townhouse,5,3.0,1698,2015,1339382.4,46,6014.425516646327
Los Angeles,Downtown LA,Townhouse,4,2.0,2162,1966,1535884.8,70,6896.8091052631735
Los Angeles,Venice,Single Family,5,3.0,683,1905,460396.64000000013,33,2067.3866547703133
Los Angeles,Hollywood,Single Family,3,2.0,3928,1957,3007276.8000000003,52,13504.016718107177
Los Angeles,Beverly Hills,Condo,5,2.0,2455,2012,1539776.0,39,6914.28233215519
Los Angeles,Venice,Condo,4,2.0,2207,1959,1234507.52,60,5543.490439160449
Los Angeles,Hollywood,Single Family,5,3.0,1119,1978,898064.6400000001,41,4032.711559009435
Los Angeles,Downtown LA,Condo,4,2.0,948,1963,535127.0399999999,58,2402.9595461485974
Los Angeles,Hollywood,Condo,3,2.5,1126,1924,579394.56,85,2601.7404931333062
Los Angeles,Hollywood,Condo,4,2.5,2363,1908,1167511.04,52,5242.646304701549
Los Angeles,Venice,Single Family,4,3.0,716,1901,477600.6400000001,86,2144.6403028609434
Los Angeles,Beverly Hills,Single Family,1,3.0,873,1993,723682.0800000001,78,3249.6559368644002
Los Angeles,Downtown LA,Condo,3,3.0,1328,1932,696934.4,55,3129.546900712297
Los Angeles,Venice,Townhouse,3,1.0,3048,1975,2209190.4,60,9920.252134782499
Los Angeles,Venice,Townhouse,4,2.5,3320,1973,2395712.0,54,10757.817471198521
Los Angeles,Venice,Condo,4,1.0,601,1996,364638.72,47,1637.3908018540897
Los Angeles,Hollywood,Single Family,1,3.0,2763,1925,1959740.6400000004,36,8800.11123875064
Los Angeles,Beverly Hills,Condo,2,1.5,742,1997,451136.0,58,2025.8022427932137
Los Angeles,Hollywood,Townhouse,5,2.0,1234,1905,756195.2,23,3395.6543750653077
Los Angeles,Downtown LA,Single Family,1,1.5,1315,1907,891044.0000000001,86,4001.185748039253
Los Angeles,Downtown LA,Condo,4,2.0,3030,1906,1489305.5999999999,89,6687.6476820393245
Los Angeles,Venice,Condo,2,1.5,1494,1902,726681.6,55,3263.125122084163
Los Angeles,Venice,Condo,3,1.5,3661,1911,1822885.12,26,8185.568796217498
Los Angeles,Hollywood,Single Family,5,2.0,2769,1918,1929882.2400000005,69,8666.033679685932
Los Angeles,Downtown LA,Single Family,5,3.0,1294,1931,931472.9600000002,65,4182.729845255608
Los Angeles,Venice,Condo,2,2.0,1261,1936,668229.12,70,3000.647365751648
Los Angeles,Hollywood,Townhouse,3,2.5,2337,2014,1839686.4000000001,49,8261.014051541384
Los Angeles,Hollywood,Single Family,1,2.5,3509,1984,2853238.0800000005,45,12812.31402877847
Los Angeles,Downtown LA,Single Family,4,3.0,1115,1991,920365.6000000001,34,4132.8528352198055
Los Angeles,Venice,Condo,1,2.0,1207,2004,744670.7200000001,50,3343.9043098277184
Los Angeles,Downtown LA,Single Family,2,2.5,3225,1978,2588256.0000000005,48,11622.426074893145
Los Angeles,Venice,Condo,2,2.0,1994,1957,1110259.2,26,4985.559958508741
Los Angeles,Beverly Hills,Single Family,2,3.0,3558,1996,2968225.9200000004,40,13328.66081592458
Los Angeles,Venice,Condo,2,2.5,1125,1977,655200.0,16,2942.1407945234114
Los Angeles,Beverly Hills,Single Family,5,3.0,1152,1961,890081.28,74,3996.8627050207797
Los Angeles,Hollywood,Townhouse,1,2.5,729,2002,559872.0,84,2514.075474529016
Los Angeles,Hollywood,Townhouse,1,1.0,627,1965,444417.6,49,1995.6336244874658
Los Angeles,Hollywood,Single Family,1,2.5,900,1922,633600.0000000001,61,2845.147141956706
Los Angeles,Beverly Hills,Townhouse,2,2.0,1229,1913,768862.4,88,3452.5357637594275
Los Angeles,Hollywood,Condo,4,1.0,1880,1904,919244.7999999999,34,4127.819942358843
Los Angeles,Venice,Townhouse,4,1.0,2960,1963,2088576.0,42,9378.639578850014
Los Angeles,Hollywood,Townhouse,5,3.0,3875,1936,2566800.0,63,11526.079046676881
Los Angeles,Hollywood,Townhouse,4,2.0,1556,1919,988371.2000000001,16,4438.228369432322
Los Angeles,Hollywood,Townhouse,5,2.5,881,1928,572297.6,15,2569.8719712573893
Los Angeles,Beverly Hills,Townhouse,5,3.0,1682,1968,1200275.2,47,5389.772024686731
Los Angeles,Hollywood,Townhouse,4,1.5,875,1952,602000.0,57,2703.249020609117
Los Angeles,Downtown LA,Condo,1,1.5,1808,1938,962723.8400000001,70,4323.060261789117
Los Angeles,Beverly Hills,Townhouse,2,2.5,1917,1983,1413979.2,37,6349.3984843216995
Los Angeles,Venice,Condo,5,2.5,1959,1949,1070711.04,22,4807.971046902607
Los Angeles,Downtown LA,Single Family,1,3.0,1981,1904,1331865.9200000004,61,5980.673162496116
Los Angeles,Downtown LA,Single Family,2,2.0,2593,1929,1857417.7600000002,31,8340.635781697643
Los Angeles,Downtown LA,Townhouse,1,2.5,1586,1971,1139382.4000000001,60,5116.336141028681
Los Angeles,Venice,Single Family,1,2.0,1910,1979,1536251.2000000002,28,6898.454404999306
Los Angeles,Hollywood,Single Family,1,1.5,3891,1965,3033734.8800000004,78,13622.825320843387
Los Angeles,Downtown LA,Townhouse,1,1.0,1712,1947,1164160.0,27,5227.598637595199
Los Angeles,Hollywood,Single Family,5,1.0,3618,1967,2833617.6000000006,18,12724.209305615877
Los Angeles,Downtown LA,Townhouse,2,1.5,3044,2004,2347532.8,37,10541.471332969732
Los Angeles,Beverly Hills,Single Family,3,1.0,1967,1953,1492087.5200000003,85,6700.139746018417
Los Angeles,Hollywood,Single Family,1,2.5,1310,1914,903795.2000000002,35,4058.4443342711324
Los Angeles,Beverly Hills,Single Family,1,1.0,904,1995,752561.9200000002,49,3379.3393242320885
Los Angeles,Venice,Condo,2,2.0,3514,1971,2019566.0799999998,88,9068.754199028894
Los Angeles,Downtown LA,Condo,1,2.0,2732,1925,1409274.8800000004,86,6328.273985264173
Los Angeles,Venice,Condo,4,3.0,3892,1925,2007649.2800000003,39,9015.242441672093
Los Angeles,Venice,Single Family,2,3.0,3622,1943,2683757.12,29,12051.268781051072
Los Angeles,Beverly Hills,Townhouse,2,2.5,1490,1942,1001280.0,35,4496.194650092188
Los Angeles,Beverly Hills,Townhouse,5,2.5,3046,1924,1959187.2,50,8797.62604583043
Los Angeles,Beverly Hills,Townhouse,4,3.0,740,1985,548192.0,33,2461.627054992946
Los Angeles,Downtown LA,Condo,5,2.5,3655,2016,2311129.6,66,10378.00469717731
Los Angeles,Downtown LA,Townhouse,5,2.5,2938,1907,1809808.0,30,8126.846683539112
Los Angeles,Downtown LA,Condo,2,1.5,3236,1903,1578132.4800000002,89,7086.520068025645
Los Angeles,Beverly Hills,Townhouse,4,1.5,1662,1912,1037088.0,45,4656.988571902772
Los Angeles,Beverly Hills,Townhouse,1,1.5,1044,1941,699897.6,70,3142.852992901448
Los Angeles,Venice,Condo,1,2.5,1999,1944,1079779.84,61,4848.694011550614
Los Angeles,Beverly Hills,Single Family,5,2.5,3697,1908,2511593.9200000004,29,11278.179077089395
Los Angeles,Downtown LA,Condo,1,3.0,3329,1971,1913242.8800000001,38,8591.315517520545
Los Angeles,Venice,Single Family,2,2.0,1916,1967,1500611.2000000002,64,6738.4148782642405
Los Angeles,Venice,Townhouse,4,2.5,3838,1973,2769500.8000000003,32,12436.29622122287
Los Angeles,Beverly Hills,Condo,1,1.5,1180,1946,640409.6,63,2875.725289017735
Los Angeles,Beverly Hills,Condo,1,3.0,1261,1947,685984.0,51,3080.3747112184797
Los Angeles,Beverly Hills,Townhouse,4,2.0,1249,1972,899280.0000000001,71,4038.1690685271883
Los Angeles,Downtown LA,Single Family,2,2.0,862,1984,700909.4400000001,32,3147.396606670573
Los Angeles,Beverly Hills,Condo,5,1.0,3106,2002,1908326.4,38,8569.238325253358
Los Angeles,Venice,Condo,3,2.5,1841,2001,1128753.92,56,5068.609516193857
Los Angeles,Venice,Townhouse,5,2.5,1343,2000,1027126.4,50,4612.256536282007
Los Angeles,Beverly Hills,Single Family,1,2.0,1693,1940,1245506.2400000002,82,5592.879607047416
Los Angeles,Hollywood,Single Family,4,1.5,1555,1904,1045457.6000000001,58,4694.5718160936185
Los Angeles,Beverly Hills,Single Family,2,2.0,3661,1943,2712654.5600000005,72,12181.031200283816
Los Angeles,Beverly Hills,Condo,2,2.5,3417,2001,2095031.0399999998,49,9407.625593065946
Los Angeles,Downtown LA,Townhouse,4,2.5,2065,1935,1364552.0,83,6127.4482683890565
Los Angeles,Hollywood,Single Family,1,1.5,3093,1929,2215577.7600000002,69,9948.934235553726
Los Angeles,Venice,Single Family,4,2.5,3162,1915,2187092.16,44,9821.021161963256
Los Angeles,Hollywood,Townhouse,4,2.0,3775,2017,2989800.0,19,13425.538076108203
Los Angeles,Venice,Single Family,1,3.0,1707,1969,1342931.0400000003,36,6030.360496055788
Los Angeles,Downtown LA,Townhouse,1,3.0,3431,1975,2486788.8,52,11166.793003424786
Los Angeles,Venice,Condo,5,2.5,1080,1922,552960.0,80,2483.0375057076703
Los Angeles,Hollywood,Single Family,2,2.0,3408,1972,2699136.0000000005,79,12120.326824735568
Los Angeles,Beverly Hills,Townhouse,4,1.5,3867,1981,2839924.8,69,12752.531452165353
Los Angeles,Downtown LA,Townhouse,3,2.5,3772,2015,2975353.5999999996,26,13360.667284328589
Los Angeles,Beverly Hills,Single Family,2,1.5,2052,1934,1487946.2400000002,44,6681.543548171128
Los Angeles,Venice,Condo,3,2.5,672,1914,337182.72000000003,35,1514.1010923692995
Los Angeles,Beverly Hills,Condo,3,1.5,3578,1981,2102146.56,34,9439.577457635922
Los Angeles,Downtown LA,Condo,1,1.5,1392,1953,767938.5599999999,47,3448.387309315574
Los Angeles,Venice,Townhouse,1,3.0,3546,1998,2700633.6,55,12127.051717980192
Los Angeles,Downtown LA,Single Family,5,3.0,3129,1907,2120210.4000000004,35,9520.69217157021
Los Angeles,Downtown LA,Single Family,4,3.0,2579,1911,1765686.5600000005,46,7928.7217010343575
Los Angeles,Venice,Single Family,4,1.5,3636,1959,2796520.3200000003,77,12557.625940454313
Los Angeles,Downtown LA,Single Family,3,1.5,1683,1922,1184832.0000000002,45,5320.42515545904
Los Angeles,Beverly Hills,Single Family,3,1.5,3425,1988,2809048.0,16,12613.880822
Los Angeles,Downtown LA,Townhouse,2,3.0,2550,1955,1766639.9999999998,87,7933.003072705797
Los Angeles,Beverly Hills,Townhouse,1,2.0,748,1972,538560.0,42,2418.3750706631995
Los Angeles,Downtown LA,Condo,3,2.5,1208,1903,589117.44,18,2645.4005692753326
Los Angeles,Beverly Hills,Single Family,5,2.5,1419,1992,1173796.8000000003,66,5270.872176069961
Los Angeles,Venice,Condo,2,3.0,2197,1998,1338588.1600000001,21,6010.8590241178745
Los Angeles,Beverly Hills,Condo,5,3.0,3245,1904,1586675.2,69,7124.880698380026
Los Angeles,Downtown LA,Condo,3,3.0,2893,2001,1773756.16,35,7964.957811161775
Los Angeles,Downtown LA,Townhouse,2,3.0,2712,1912,1692288.0000000002,67,7599.129366426184
Los Angeles,Downtown LA,Single Family,5,2.5,1064,1998,891376.6400000001,74,4002.679450288781
Los Angeles,Beverly Hills,Townhouse,5,2.5,2391,1954,1652659.2,40,7421.178345183799
Los Angeles,Downtown LA,Condo,4,2.5,1193,2003,734506.24,66,3298.2612523443277
Los Angeles,Hollywood,Condo,2,3.0,3201,1912,1597939.2,78,7175.461092014811
Los Angeles,Hollywood,Single Family,1,1.0,3801,1959,2923425.1200000006,62,13127.485203428725
Los Angeles,Hollywood,Single Family,2,1.5,2879,1920,2016681.9200000004,42,9055.80303176099
Los Angeles,Beverly Hills,Townhouse,2,2.0,3373,1971,2423163.2,63,10881.085626538297
Los Angeles,Beverly Hills,Single Family,4,3.0,3114,1968,2444365.4400000004,46,10976.293158954775
Los Angeles,Venice,Single Family,5,3.0,3871,2020,3392854.0800000005,57,15235.431011344932
Los Angeles,Hollywood,Single Family,3,2.0,3311,1916,2295979.8400000003,19,10309.975504681526
Los Angeles,Venice,Single Family,2,2.5,2274,1951,1716960.9600000002,29,7709.92198263138
Los Angeles,Beverly Hills,Townhouse,3,2.5,1162,2006,899852.7999999999,72,4040.741196498956
Los Angeles,Hollywood,Single Family,2,2.5,1846,1907,1250849.6000000003,39,5616.873681277918
Los Angeles,Hollywood,Condo,2,2.0,2427,1967,1382419.2,55,6207.679980849235
Los Angeles,Hollywood,Condo,2,1.5,2796,1935,1478077.44,26,6637.228226020649
Los Angeles,Beverly Hills,Condo,5,3.0,2807,1994,1695877.1199999999,30,7615.246119125266
Los Angeles,Venice,Condo,3,1.5,1382,1916,696970.24,54,3129.707838328408
Los Angeles,Downtown LA,Townhouse,1,1.0,1087,1958,758291.2,36,3405.0663517217813
Los Angeles,Venice,Condo,4,3.0,3843,1931,2011887.36,65,9034.273314777181
Los Angeles,Downtown LA,Single Family,5,2.0,2769,1931,1993236.9600000004,53,8950.524684322085
Los Angeles,Hollywood,Single Family,2,3.0,3669,1920,2570061.1200000006,22,11540.722932799956
Los Angeles,Downtown LA,Condo,4,2.0,855,1985,506707.2,36,2275.341764344831
Los Angeles,Beverly Hills,Single Family,4,3.0,1369,1928,978232.6400000001,66,4392.701704332013
Los Angeles,Beverly Hills,Condo,3,2.5,1060,1921,541363.2000000001,57,2430.962691351857
Los Angeles,Hollywood,Single Family,1,2.0,1302,2017,1134302.4000000001,33,5093.524670887992
Los Angeles,Beverly Hills,Single Family,4,1.0,3799,2000,3196022.72,22,14351.57024532307
Los Angeles,Downtown LA,Condo,1,2.5,1884,1902,916377.6,79,4114.944933069989
Los Angeles,Venice,Townhouse,2,1.5,3120,1909,1931904.0,35,8675.112285566172
San Diego,Pacific Beach,Condo,3,2.0,3737,1940,1624548.6400000001,27,7294.949368790489
San Diego,La Jolla,Condo,2,1.5,913,1953,409243.12,26,1837.6844905830887
San Diego,La Jolla,Condo,1,1.5,3691,1974,1735065.28,30,7791.218469855288
San Diego,Old Town,Townhouse,3,3.0,1297,1903,642404.1,18,2884.6814853160818
San Diego,Pacific Beach,Condo,3,1.5,2428,2001,1209532.48,68,5431.34134876232
San Diego,Pacific Beach,Townhouse,5,1.5,2685,1945,1476481.5,18,6630.061742230034
San Diego,Pacific Beach,Single Family,5,2.5,2920,2018,2071097.5999999999,85,9300.153752136035
San Diego,Pacific Beach,Single Family,3,3.0,935,1957,581616.75,69,2611.719119281325
San Diego,Pacific Beach,Condo,2,1.5,2538,1930,1076924.1600000001,74,4835.870732209795
San Diego,Pacific Beach,Townhouse,1,2.0,1005,1923,523906.5,44,2352.5743073351337
San Diego,Downtown,Condo,5,2.5,2666,1947,1178372.0,59,5291.416868626589
San Diego,Pacific Beach,Condo,1,1.0,1769,1962,809494.3999999999,61,3634.991601309908
San Diego,Old Town,Single Family,4,3.0,760,1916,428199.2,84,1922.8057608398797
San Diego,Pacific Beach,Townhouse,3,2.5,674,2002,420576.0,23,1888.5741861988374
San Diego,Downtown,Single Family,1,2.5,2196,1909,1215288.36,64,5457.187822138972
San Diego,Old Town,Single Family,3,1.0,2485,2017,1759007.25,84,7898.7286142970715
San Diego,La Jolla,Townhouse,5,2.0,3404,1918,1752379.2,56,7868.965707866758
San Diego,Old Town,Condo,2,2.0,1180,1992,576784.0,78,2590.0179121312444
San Diego,La Jolla,Single Family,5,1.5,1303,1904,711776.7799999999,84,3196.195819646696
San Diego,Downtown,Condo,2,2.0,1240,1923,517129.6,71,2322.1429978870174
San Diego,Pacific Beach,Condo,1,2.5,787,1956,355220.32,45,1595.0979769775038
San Diego,Pacific Beach,Single Family,4,3.0,3573,1923,2048865.39,44,9200.321194148532
San Diego,Downtown,Townhouse,3,2.5,869,2019,561460.9,24,2521.2103455736105
San Diego,Pacific Beach,Condo,2,1.0,804,1969,373763.52,58,1678.3652315272695
San Diego,La Jolla,Single Family,4,2.0,3243,1981,2128607.91,71,9558.400744133423
San Diego,La Jolla,Condo,1,2.0,3741,1914,1525130.8800000001,46,6848.519198771963
San Diego,Pacific Beach,Townhouse,4,3.0,2049,1925,1073471.1,28,4820.364949712944
San Diego,La Jolla,Single Family,2,3.0,1705,1968,1087414.9000000001,17,4882.978842891631
San Diego,Old Town,Condo,5,1.0,2538,2014,1298643.8399999999,26,5831.491177076516
San Diego,La Jolla,Single Family,1,1.0,3849,2016,2719010.58,82,12209.57257044988
San Diego,Old Town,Condo,1,1.0,1192,1923,497111.68,75,2232.2535915171975
San Diego,La Jolla,Condo,4,1.5,2690,1940,1169396.8,53,5251.114209806372
San Diego,Downtown,Single Family,1,1.5,1565,2009,1089881.65,84,4894.055652728153
San Diego,Downtown,Single Family,2,3.0,2137,1921,1219308.09,71,5475.238206168229
San Diego,Downtown,Condo,2,2.0,1236,1938,534743.04,54,2401.235214547412
San Diego,Downtown,Townhouse,2,2.0,2327,2014,1488349.2,77,6683.353018645122
San Diego,La Jolla,Townhouse,5,2.5,1777,1967,1027994.5,29,4616.154693216876
San Diego,Pacific Beach,Single Family,4,2.5,1381,1926,797831.32,54,3582.619160135015
San Diego,Downtown,Condo,1,1.5,2383,1902,941761.6,86,4228.930436623381
San Diego,Pacific Beach,Single Family,2,2.5,2874,1905,1574061.06,53,7068.2375727972585
San Diego,Pacific Beach,Townhouse,1,2.0,1801,1942,983346.0,33,4415.662975780553
San Diego,La Jolla,Townhouse,3,2.5,607,1923,316429.10000000003,55,1420.90806423127
San Diego,Pacific Beach,Single Family,5,1.0,1158,1914,649128.48,62,2914.876956494161
San Diego,Downtown,Condo,2,2.5,1067,1969,496026.95999999996,26,2227.382713979597
San Diego,Downtown,Townhouse,3,3.0,858,1926,450621.6,54,2023.492356919125
San Diego,Downtown,Single Family,4,1.0,1614,1907,888587.7000000001,46,3990.155863372605
San Diego,Pacific Beach,Townhouse,5,2.5,3637,1969,2113460.7,33,9490.383002277176
San Diego,Pacific Beach,Single Family,4,2.0,3461,2018,2454818.08,30,11023.230183610556
San Diego,La Jolla,Townhouse,5,3.0,1269,1912,643383.0,48,2889.0771837650427
San Diego,Pacific Beach,Condo,2,2.0,846,1926,355455.36,83,1596.1534116117296
San Diego,La Jolla,Townhouse,1,2.5,2539,1933,1356587.7000000002,40,6091.6850023178995
San Diego,Downtown,Condo,5,2.0,3348,1991,1633020.48,23,7332.99171627015
San Diego,Pacific Beach,Condo,2,2.0,2018,1965,929732.96,61,4174.9164676877335
San Diego,Pacific Beach,Single Family,5,1.5,1581,1902,859115.4,44,3857.8120658475254
San Diego,Downtown,Single Family,4,1.5,789,1932,462590.7,49,2077.2389646476513
San Diego,Pacific Beach,Condo,1,2.0,1542,1981,736089.12,72,3305.369090898716
San Diego,Old Town,Single Family,1,3.0,3267,1910,1812662.28,29,8139.663676254302
San Diego,Old Town,Townhouse,1,2.5,3540,1915,1808586.0,48,8121.359357454088
San Diego,Downtown,Townhouse,4,1.0,2283,1900,1121866.2,86,5037.680575422711
San Diego,Old Town,Townhouse,3,2.5,1041,1924,544026.6,61,2442.922547566957
San Diego,Downtown,Townhouse,5,2.0,1936,2016,1243299.2,67,5582.969011169599
San Diego,Downtown,Condo,4,2.5,1150,1908,461655.99999999994,20,2073.041743950702
San Diego,Old Town,Townhouse,3,2.0,1977,2019,1277339.7,60,5735.826068123162
San Diego,Downtown,Condo,4,3.0,1439,1961,656989.8400000001,49,2950.1779759636893
San Diego,Old Town,Condo,3,2.5,2504,1924,1046872.32,54,4700.924541100987
San Diego,Pacific Beach,Condo,2,1.0,682,2009,345419.36000000004,65,1551.0872867432363
San Diego,Old Town,Condo,3,1.0,2931,1983,1405238.6400000001,59,6310.149463956957
San Diego,Old Town,Condo,1,2.0,2259,2018,1165282.56,33,5232.6394336426665
San Diego,Old Town,Condo,5,3.0,3323,1939,1441118.64,44,6471.266697942761
San Diego,La Jolla,Single Family,4,1.0,2277,1974,1471761.72,67,6608.86782086377
San Diego,Old Town,Single Family,3,1.0,2331,2022,1666665.0,82,7484.070646068928
San Diego,Pacific Beach,Condo,1,3.0,2221,1940,965513.12,69,4335.585375457231
San Diego,Pacific Beach,Single Family,1,2.5,1658,1910,919924.72,78,4130.873087000194
San Diego,Downtown,Condo,5,3.0,1948,1947,861016.0,34,3866.3466091840196
San Diego,La Jolla,Townhouse,4,1.0,3660,1972,2141100.0,75,9614.49581067472
San Diego,La Jolla,Townhouse,1,1.5,1327,1995,815972.2999999999,79,3664.0802671414763
San Diego,Pacific Beach,Single Family,4,2.5,2821,1946,1710428.7200000002,29,7680.589305916456
San Diego,La Jolla,Townhouse,2,2.5,3252,1921,1686812.4,35,7574.541475500522
San Diego,Old Town,Condo,4,1.0,778,1903,308274.72000000003,69,1384.2912540175248
San Diego,Old Town,Condo,4,3.0,1178,1985,567230.5599999999,80,2547.118697308241
San Diego,Pacific Beach,Condo,3,1.0,2392,1971,1116968.32,52,5015.686905467461
San Diego,Downtown,Condo,1,1.5,2536,1960,1155198.72,26,5187.358485795525
San Diego,Downtown,Condo,3,2.0,961,1964,441752.48,71,1983.6660447037352
San Diego,La Jolla,Single Family,1,2.0,2047,1913,1144539.11,49,5139.492073349386
San Diego,Pacific Beach,Single Family,4,1.0,3300,1960,2066922.0,63,9281.403442151892
San Diego,Downtown,Single Family,3,2.5,1491,1996,1010629.6200000001,53,4538.1786220325
San Diego,La Jolla,Single Family,1,1.5,1986,1953,1224031.38,23,5496.447889003033
San Diego,Pacific Beach,Single Family,1,1.0,1455,1920,828098.7000000001,65,3718.533222163926
San Diego,Old Town,Townhouse,1,3.0,2327,1910,1173738.8,33,5270.611730151031
San Diego,Old Town,Single Family,5,1.0,3839,2007,2662538.45,33,11955.987470592388
San Diego,Pacific Beach,Single Family,5,3.0,3939,1960,2467153.2600000002,47,11078.620654132212
San Diego,La Jolla,Condo,4,1.5,1119,1924,467831.52,60,2100.7725884552738
San Diego,Old Town,Condo,5,1.0,2310,1983,1107506.4000000001,32,4973.198656342741
San Diego,Downtown,Condo,1,2.5,1193,2000,593064.16,33,2663.1231057780215
San Diego,Old Town,Single Family,1,2.5,3302,1940,1973737.48,53,8862.963305231739
San Diego,Downtown,Townhouse,5,1.0,801,1965,461295.9,65,2071.4247340299025
San Diego,Old Town,Single Family,2,1.5,1162,2017,822521.7,87,3693.4899999248273
San Diego,La Jolla,Townhouse,4,2.0,3755,1969,2182030.5,41,9798.29204661831
San Diego,La Jolla,Condo,5,2.0,2535,1993,1241744.4000000001,54,5575.987264363548
San Diego,Downtown,Single Family,1,2.5,3066,2006,2122039.92,79,9528.907533942605
San Diego,Old Town,Single Family,2,3.0,1836,1961,1152585.72,63,5175.62494810308
San Diego,Old Town,Townhouse,1,1.0,3965,1927,2087572.5,35,9374.133415407852
San Diego,Downtown,Townhouse,2,2.5,3258,1944,1787338.8,87,8025.949934545973
San Diego,La Jolla,Condo,2,2.5,2489,1931,1058721.04,81,4754.130588834329
San Diego,Old Town,Townhouse,1,2.0,3207,1931,1705161.9,71,7656.938930490002
San Diego,Downtown,Single Family,2,2.5,3580,1906,1965849.6,82,8827.543199111005
San Diego,La Jolla,Single Family,1,2.5,2410,1928,1399197.8,88,6283.023392837927
San Diego,Pacific Beach,Condo,4,2.0,2050,2010,1040415.9999999999,25,4671.932779113048
San Diego,La Jolla,Single Family,5,1.5,2063,1975,1336390.77,79,6000.991761052433
San Diego,Old Town,Single Family,5,1.5,3484,1929,2027722.84,73,9105.381696506209
San Diego,Old Town,Townhouse,5,2.5,1778,1945,977722.2000000001,78,4390.40960062756
San Diego,Old Town,Condo,3,1.5,2909,1958,1319056.96,29,5923.155208052557
San Diego,La Jolla,Condo,2,3.0,2769,1936,1192220.6400000001,56,5353.603450880358
San Diego,Pacific Beach,Single Family,3,2.5,1385,1972,891247.5,43,4002.099553978944
San Diego,La Jolla,Townhouse,4,1.0,2756,1995,1694664.4,36,7609.800464387271
San Diego,Pacific Beach,Single Family,5,1.0,2952,1912,1646330.4,48,7392.759204981755
San Diego,La Jolla,Condo,5,2.0,2990,1950,1330908.8,17,5976.3752659801585
San Diego,Downtown,Condo,5,2.0,1361,2012,693565.6,60,3114.4194832693934
San Diego,Old Town,Single Family,4,2.0,958,1967,609623.2999999999,15,2737.481044294847
San Diego,Pacific Beach,Townhouse,5,2.0,1508,2010,956675.2,25,4295.899165184437
San Diego,Pacific Beach,Townhouse,5,1.0,3770,1981,2249559.0,38,10101.52518862529
San Diego,Downtown,Townhouse,5,3.0,3167,1927,1667425.5,19,7487.485630919714
San Diego,La Jolla,Single Family,4,2.0,2646,1963,1668646.98,25,7492.97062197236
San Diego,Downtown,Single Family,4,3.0,3042,2002,2088028.7999999998,19,9376.182406318323
San Diego,La Jolla,Single Family,2,2.5,2205,1916,1242341.1,33,5578.666714015704
San Diego,Downtown,Condo,2,2.5,3773,1974,1773611.84,47,7964.30974986833
San Diego,Downtown,Townhouse,3,2.0,1303,2020,843562.2,65,3787.971247463243
San Diego,La Jolla,Condo,3,1.5,1203,1950,535479.36,61,2404.541620392686
San Diego,Old Town,Townhouse,4,3.0,762,1947,421005.0,87,1890.5005879095372
San Diego,Pacific Beach,Single Family,1,1.0,1480,1996,1003173.6,86,4504.697760300536
San Diego,Old Town,Townhouse,3,2.0,3484,1912,1766388.0,61,7931.871480092521
San Diego,Downtown,Single Family,2,3.0,2349,1942,1410809.4000000001,81,6335.164665807537
San Diego,Downtown,Condo,2,3.0,2599,1975,1224440.8800000001,80,5498.286726999611
San Diego,La Jolla,Townhouse,1,2.0,618,2013,394469.4,22,1771.3438857313392
San Diego,Downtown,Single Family,3,1.0,3963,1924,2278170.18,51,10230.002172534712
San Diego,La Jolla,Townhouse,5,3.0,2367,1907,1184683.5,19,5319.758324097644
San Diego,Pacific Beach,Single Family,1,2.5,1146,1965,725979.5399999999,77,3259.972558948932
San Diego,Pacific Beach,Townhouse,1,1.5,1541,1977,911501.5,18,4093.049065047743
San Diego,Downtown,Townhouse,3,2.0,1509,1959,857262.8999999999,59,3849.4935130058657
San Diego,Pacific Beach,Condo,5,3.0,2730,2022,1419600.0,30,6374.638388134058
San Diego,Downtown,Single Family,2,1.5,3859,1965,2444637.91,80,10977.516671015646
San Diego,Downtown,Single Family,4,1.5,2942,1966,1867934.6400000001,22,8387.861272660872
San Diego,Old Town,Condo,3,3.0,3902,1952,1744974.4000000001,53,7835.714846823892
San Diego,La Jolla,Single Family,1,3.0,3428,1920,1951011.92,33,8760.915385276932
San Diego,La Jolla,Townhouse,1,1.0,3373,1930,1789039.2000000002,69,8033.585490417474
San Diego,Old Town,Condo,2,1.5,2079,1953,931890.9600000001,66,4184.606852050649
San Diego,Pacific Beach,Condo,2,2.5,1611,1952,720439.2,38,3235.093956492385
San Diego,Old Town,Condo,4,3.0,3730,1986,1799948.7999999998,22,8082.574469678663
San Diego,Downtown,Townhouse,2,1.5,953,1974,559982.7999999999,63,2514.573016043108
San Diego,Old Town,Single Family,1,1.5,2484,1925,1431504.36,32,6428.094284331697
San Diego,Pacific Beach,Condo,1,1.5,2399,1940,1042893.28,20,4683.056873355199
San Diego,La Jolla,Single Family,5,2.5,1232,1964,778697.92,33,3496.7016438378023
San Diego,La Jolla,Townhouse,2,2.5,2075,1999,1286707.5,29,5777.891676387717
San Diego,Old Town,Single Family,3,1.0,797,2011,557318.1900000001,70,2502.6077263872858
San Diego,Pacific Beach,Townhouse,5,1.0,1070,1989,649597.0,43,2916.980820665483
San Diego,La Jolla,Townhouse,1,1.5,2822,1922,1467440.0,35,6589.461366781799
San Diego,Old Town,Single Family,5,1.0,1122,1916,632157.2400000001,82,2838.668504818875
San Diego,Old Town,Single Family,1,3.0,3626,1982,2385182.8,26,10710.536657929753
San Diego,La Jolla,Condo,1,3.0,2125,1947,939250.0,42,4217.652230244375
San Diego,Pacific Beach,Single Family,3,1.5,2597,1998,1767725.96,85,7937.879518397527
San Diego,La Jolla,Single Family,2,3.0,996,1999,679381.5599999999,45,3050.726805132714
San Diego,Downtown,Single Family,1,2.0,1551,1985,1026901.59,59,4611.247038919344
San Diego,La Jolla,Condo,1,2.5,2921,1902,1154379.2,42,5183.678474769993
San Diego,Downtown,Single Family,4,1.0,955,1920,543528.7,27,2440.6867540663566
San Diego,La Jolla,Single Family,2,3.0,1667,1946,1010735.4400000001,67,4538.653801121139
San Diego,Downtown,Condo,5,3.0,3773,1923,1573491.9200000002,16,7065.681879861063
San Diego,Downtown,Single Family,4,1.5,1274,1924,732371.64,17,3288.6759444383606
San Diego,Old Town,Condo,1,2.5,3853,2015,1975510.1600000001,38,8870.923430603589
San Diego,La Jolla,Townhouse,1,2.5,2001,1959,1136768.0999999999,79,5104.596765755294
San Diego,Pacific Beach,Townhouse,4,1.0,2751,1991,1677284.7,72,7531.757844780162
San Diego,Pacific Beach,Townhouse,5,1.5,2322,1946,1279886.4000000001,48,5747.26188918759
San Diego,La Jolla,Condo,5,1.0,632,1954,283944.96,72,1275.0397591808887
San Diego,Old Town,Single Family,4,2.0,3020,1999,2059972.2,21,9250.195734438552
San Diego,Pacific Beach,Townhouse,3,1.0,2807,1974,1649393.2,22,7406.512545679963
San Diego,La Jolla,Townhouse,1,3.0,3885,1958,2202018.0,18,9888.044853594098
San Diego,Pacific Beach,Townhouse,5,1.0,2804,1997,1731470.0,42,7775.0740560034355
San Diego,La Jolla,Townhouse,4,2.5,1841,1903,911847.2999999999,23,4094.6018615781854
San Diego,Old Town,Single Family,4,1.5,3814,1931,2230694.18,42,10016.813716550594
San Diego,Downtown,Single Family,1,2.0,1713,2007,1188051.1500000001,85,5334.880577526638
San Diego,Downtown,Single Family,2,1.0,2017,2022,1442155.0,59,6475.920417469338
San Diego,Old Town,Townhouse,5,3.0,3103,2003,1940305.9000000001,82,8712.840571191184
San Diego,Old Town,Townhouse,4,2.0,1090,1964,626314.0,63,2812.4297460029543
San Diego,Old Town,Condo,4,1.0,3206,1930,1360369.9200000002,60,6108.6688603091425
San Diego,Downtown,Condo,1,1.5,2652,1983,1271474.8800000001,66,5709.490405463614
San Diego,La Jolla,Townhouse,1,1.5,3069,1926,1611838.8,29,7237.876507441486
San Diego,Pacific Beach,Single Family,2,3.0,2181,1968,1390998.18,20,6246.203434807416
San Diego,Downtown,Condo,2,1.5,2949,1912,1196114.4,17,5371.0881733163815
San Diego,Downtown,Condo,5,2.5,1092,2006,549669.12,47,2468.259983885507
San Diego,La Jolla,Townhouse,5,1.5,2146,1994,1316785.5999999999,42,5912.955786631542
San Diego,Pacific Beach,Condo,1,2.5,2490,1947,1100580.0,70,4942.096025086349
San Diego,Pacific Beach,Townhouse,2,1.0,1955,1910,986102.0,32,4428.038647376564
San Diego,Old Town,Townhouse,2,1.5,2013,1903,997038.8999999999,43,4477.150215837528
San Diego,Old Town,Single Family,2,1.0,1218,1942,731530.7999999999,80,3284.9001970853883
San Diego,Downtown,Townhouse,5,1.5,607,1993,371666.1,79,1668.9468784362296
San Diego,Old Town,Townhouse,1,2.0,3401,1985,2047061.9,58,9192.222718108369
San Diego,La Jolla,Single Family,2,2.5,2236,1991,1499618.12,42,6733.955505278548
San Diego,Downtown,Townhouse,3,3.0,2351,1941,1280589.7,80,5750.4200204769495
San Diego,Old Town,Townhouse,5,2.0,3536,1992,2160496.0,81,9701.592518322119
San Diego,Pacific Beach,Single Family,5,1.5,3387,1908,1869556.26,68,8395.143071127315
San Diego,Pacific Beach,Townhouse,3,1.5,2122,1900,1042750.7999999999,46,4682.4170744840085
San Francisco,Downtown,Single Family,1,2.0,1579,1919,1517008.46,49,6812.045903240441
San Francisco,Sunset District,Single Family,3,1.5,3365,1916,3208460.2,32,14407.420088560353
San Francisco,Downtown,Single Family,4,3.0,3762,1981,4178754.36,82,18764.4744701596
San Francisco,Downtown,Condo,1,1.5,753,2008,644086.08,34,2892.234327156089
San Francisco,Nob Hill,Townhouse,2,2.0,1664,2004,1764505.5999999999,19,7923.418662889207
San Francisco,Mission District,Single Family,1,1.5,3663,2008,4308127.56,55,19345.41795220788
San Francisco,Downtown,Single Family,3,2.0,1260,1998,1451419.2,40,6517.520815437323
San Francisco,Sunset District,Townhouse,5,2.5,2846,1946,2654748.8000000003,85,11921.008461068488
San Francisco,Mission District,Single Family,5,2.5,3438,2005,4018540.68,29,18045.043450976573
San Francisco,Mission District,Single Family,5,1.0,1991,1918,1908015.12,60,8567.840538949149
San Francisco,Nob Hill,Condo,1,2.0,3483,2021,3058909.92,29,13735.872500617132
San Francisco,Sunset District,Single Family,1,2.0,1990,1923,1931135.8,41,8671.662724274425
San Francisco,Nob Hill,Townhouse,5,2.5,1593,1992,1647161.9999999998,38,7396.493460605572
San Francisco,Nob Hill,Condo,4,2.0,889,1956,679053.76,63,3049.254836646078
San Francisco,Sunset District,Single Family,4,3.0,1180,1994,1347843.2,67,6052.418289592456
San Francisco,Mission District,Single Family,1,3.0,1299,1953,1354882.98,84,6084.030047715884
San Francisco,Downtown,Single Family,2,3.0,3988,1983,4449092.56,17,19978.41379637759
San Francisco,Nob Hill,Townhouse,4,2.5,1443,1937,1317459.0,50,5915.979653559248
San Francisco,Sunset District,Single Family,5,3.0,2449,1949,2530649.6599999997,44,11363.74786528205
San Francisco,Mission District,Single Family,1,2.0,805,1956,845475.4,61,3796.5623704304016
San Francisco,Mission District,Townhouse,5,3.0,2591,2012,2793098.0,30,12542.258194294493
San Francisco,Sunset District,Townhouse,2,1.5,2679,1958,2569696.8,48,11539.086973193325
San Francisco,Sunset District,Condo,1,1.0,609,1985,496261.92,31,2228.437789378073
San Francisco,Nob Hill,Townhouse,1,2.0,3564,2000,3747902.4,79,16829.756631459404
San Francisco,Sunset District,Single Family,3,2.5,1704,2004,1987613.76,80,8925.274003437218
San Francisco,Nob Hill,Townhouse,3,1.0,1606,1922,1413280.0,53,6346.25876386454
San Francisco,Downtown,Condo,1,1.0,1362,1940,1001996.16,87,4499.4105285283995
San Francisco,Downtown,Condo,4,2.5,2892,1902,1934169.5999999999,77,8685.285842013169
San Francisco,Downtown,Townhouse,5,1.0,3610,1989,3708913.9999999995,29,16654.681292397745
San Francisco,Nob Hill,Condo,1,2.0,642,2015,557050.56,49,2501.405948089303
San Francisco,Nob Hill,Condo,2,1.0,1893,1933,1369320.48,75,6148.860874518283
San Francisco,Sunset District,Townhouse,5,2.0,1501,2020,1644495.5999999999,63,7384.5201330498385
San Francisco,Nob Hill,Townhouse,5,1.0,2076,1926,1845148.8,20,8285.542668568252
San Francisco,Nob Hill,Single Family,3,2.0,3363,1979,3719276.22,57,16701.21229084681
San Francisco,Mission District,Single Family,4,2.5,3075,1922,2976600.0,16,13366.26417731744
San Francisco,Nob Hill,Condo,3,1.0,1439,1906,972533.76,70,4367.111186427413
San Francisco,Sunset District,Townhouse,2,2.0,3850,1981,3887730.0,86,17457.645041349973
San Francisco,Nob Hill,Single Family,1,2.5,3797,1952,3951158.2,89,17742.466004022728
San Francisco,Downtown,Townhouse,4,1.0,3549,1996,3700897.1999999997,19,16618.68227786549
San Francisco,Downtown,Condo,5,2.0,3704,1961,2861858.56,64,12851.023836282091
San Francisco,Nob Hill,Single Family,3,3.0,2073,1993,2362846.86,61,10610.238305887588
San Francisco,Sunset District,Single Family,5,2.5,3038,1978,3352493.76,28,15054.195138402287
San Francisco,Sunset District,Townhouse,5,2.5,3700,1923,3264140.0,77,14657.44727264293
San Francisco,Mission District,Single Family,1,1.5,2197,1928,2158596.4400000004,88,9693.062645050379
San Francisco,Downtown,Condo,2,3.0,2035,1961,1572322.4000000001,55,7060.4302124282
San Francisco,Downtown,Condo,2,2.5,1024,1948,767754.24,63,3447.5596301470055
San Francisco,Nob Hill,Townhouse,3,2.0,1377,1997,1438965.0,49,6461.595891928237
San Francisco,Nob Hill,Condo,4,1.5,2813,1921,1975401.12,40,8870.433792276004
San Francisco,Sunset District,Townhouse,3,3.0,2118,2001,2231948.4,34,10022.44572483403
San Francisco,Sunset District,Single Family,4,2.5,1002,1983,1117851.24,80,5019.651610825062
San Francisco,Mission District,Single Family,2,2.0,1757,1978,1938884.64,41,8706.45847866123
San Francisco,Mission District,Single Family,1,1.0,2066,1999,2384866.44,73,10709.116060155402
San Francisco,Nob Hill,Condo,5,2.5,1688,1982,1366604.8,40,6136.666257740396
San Francisco,Downtown,Condo,5,2.0,1261,1950,949886.08,62,4265.412982475471
San Francisco,Downtown,Townhouse,4,1.5,3061,1924,2707148.4,42,12156.30608130156
San Francisco,Downtown,Single Family,5,2.5,1630,1948,1680399.5999999999,23,7545.745137760718
San Francisco,Nob Hill,Townhouse,1,1.5,3744,2008,4003084.8000000003,60,17975.639642882466
San Francisco,Mission District,Condo,1,1.5,969,1926,688997.76,68,3093.9078404017864
San Francisco,Mission District,Townhouse,4,2.0,1964,1924,1736961.5999999999,42,7799.733794079145
San Francisco,Sunset District,Townhouse,4,3.0,3026,1972,2995740.0,41,13452.211330564047
San Francisco,Mission District,Townhouse,4,1.0,642,2020,703375.2000000001,55,3158.468970964688
San Francisco,Mission District,Condo,4,3.0,2686,2012,2316406.4,37,10401.699887263607
San Francisco,Sunset District,Townhouse,1,1.0,1989,1968,1951606.8,57,8763.586662315769
San Francisco,Nob Hill,Condo,3,3.0,1545,1966,1207324.8,76,5421.427878998503
San Francisco,Mission District,Single Family,3,1.5,2229,1947,2292526.5,24,10294.468464859548
San Francisco,Mission District,Condo,3,2.5,2966,1976,2369952.64,60,10642.14643350497
San Francisco,Sunset District,Condo,1,2.0,2399,1950,1807118.72,87,8114.770614558806
San Francisco,Downtown,Condo,3,1.0,894,2012,770985.6,74,3462.0698805709844
San Francisco,Nob Hill,Single Family,5,1.0,2473,1955,2591357.78,73,11636.354453210657
San Francisco,Downtown,Condo,5,1.5,962,2022,846560.0,74,3801.432709114376
San Francisco,Mission District,Condo,4,1.5,3923,2006,3341768.32,51,15006.033119838165
San Francisco,Sunset District,Condo,2,2.0,3856,1976,3081098.2399999998,18,13835.507972891153
San Francisco,Mission District,Townhouse,5,2.0,1421,1987,1453682.9999999998,82,6527.686289079938
San Francisco,Nob Hill,Townhouse,1,2.0,1573,1937,1436149.0,15,6448.950793519541
San Francisco,Mission District,Condo,5,3.0,1244,2012,1072825.6,88,4817.4663662531375
San Francisco,Nob Hill,Single Family,2,2.0,3268,1946,3353229.44,49,15057.49867036156
San Francisco,Nob Hill,Single Family,1,2.5,2787,1959,2947363.98,41,13234.981382580714
San Francisco,Nob Hill,Condo,1,3.0,660,1962,511104.0,66,2295.085361178409
San Francisco,Nob Hill,Single Family,5,3.0,2171,2009,2558610.34,63,11489.303813497276
San Francisco,Mission District,Condo,1,1.0,1836,1960,1415335.6800000002,23,6355.48968570289
San Francisco,Mission District,Townhouse,5,2.0,3710,1921,3256638.0,55,14623.759940163513
San Francisco,Mission District,Single Family,2,1.0,2723,1986,3057602.2399999998,81,13730.000433043591
San Francisco,Mission District,Single Family,1,3.0,3910,1936,3917350.8000000003,27,17590.65567023645
San Francisco,Nob Hill,Condo,4,3.0,2024,2018,1766871.04,80,7934.040545552513
San Francisco,Downtown,Condo,4,1.5,2229,1921,1565292.96,47,7028.864885525491
San Francisco,Mission District,Single Family,3,1.5,1098,1977,1209007.8,24,5428.985301094325
San Francisco,Sunset District,Townhouse,4,1.5,2336,2005,2482233.5999999996,42,11146.338119805718
San Francisco,Sunset District,Condo,3,2.5,2287,1971,1807278.88,23,8115.489804530801
San Francisco,Sunset District,Single Family,1,2.0,2842,1973,3101815.64,54,13928.53835704326
San Francisco,Sunset District,Condo,1,3.0,1545,1997,1291620.0,27,5799.950996676325
San Francisco,Mission District,Single Family,2,3.0,838,1976,920693.84,62,4134.326779503069
San Francisco,Downtown,Single Family,5,3.0,894,1987,1006018.2000000001,40,4517.471285489945
San Francisco,Downtown,Townhouse,5,3.0,904,1966,883027.2000000001,21,3965.1867335069956
San Francisco,Mission District,Single Family,5,1.0,2376,1961,2524214.88,31,11334.852827519868
San Francisco,Sunset District,Single Family,3,3.0,3878,1928,3810212.5600000005,46,17109.557094904583
San Francisco,Mission District,Single Family,4,1.0,3279,1955,3435932.94,79,15428.87434374353
San Francisco,Downtown,Single Family,1,2.0,1987,1950,2058055.12,85,9241.587188537507
San Francisco,Mission District,Single Family,3,2.0,1561,1940,1579045.16,59,7090.618409082336
San Francisco,Sunset District,Townhouse,3,3.0,3589,1929,3213590.6000000006,71,14430.4578772237
San Francisco,Nob Hill,Condo,3,1.5,3181,1905,2144248.48,71,9628.633892861442
San Francisco,Nob Hill,Townhouse,4,2.5,3472,1948,3253958.4,59,14611.727338708986
San Francisco,Mission District,Condo,5,3.0,2982,1919,2083583.04,78,9356.218957205594
San Francisco,Downtown,Townhouse,2,3.0,2970,1982,3005640.0,17,13496.666754657123
San Francisco,Mission District,Condo,3,2.5,2130,1959,1638225.5999999999,89,7356.3650311242245
San Francisco,Mission District,Townhouse,3,2.0,3906,1901,3256822.8000000003,76,14624.589774746584
San Francisco,Nob Hill,Single Family,1,2.5,1270,1997,1459865.0,75,6555.446231680281
San Francisco,Nob Hill,Townhouse,1,2.5,1759,1972,1741410.0,72,7819.709097971632
San Francisco,Downtown,Single Family,2,2.5,3132,1982,3486542.4,78,15656.133435402262
San Francisco,Nob Hill,Single Family,3,2.5,1888,1991,2142842.2399999998,20,9622.3192468436
San Francisco,Downtown,Condo,1,2.0,2412,1963,1872097.92,50,8406.556260339477
San Francisco,Mission District,Single Family,5,1.5,3491,1941,3539804.18,75,15895.302629124684
San Francisco,Downtown,Townhouse,3,1.0,3711,2008,3967801.1999999997,73,17817.20051141475
San Francisco,Mission District,Condo,4,1.5,2947,1910,2012447.36,16,9036.78796502891
San Francisco,Mission District,Townhouse,2,1.5,3989,1995,4150953.4,76,18639.635736119744
San Francisco,Mission District,Single Family,3,2.0,3893,1960,4126424.28,15,18529.489025793493
San Francisco,Mission District,Single Family,4,3.0,1522,1999,1756905.48,21,7889.290727762112
San Francisco,Mission District,Condo,5,2.5,2414,2018,2107325.44,84,9462.832943163914
San Francisco,Nob Hill,Condo,5,2.5,803,1932,579444.8,42,2601.966093184462
San Francisco,Nob Hill,Single Family,5,3.0,1004,1995,1149238.64,49,5160.595063166368
San Francisco,Sunset District,Single Family,4,1.5,3549,1988,4002278.28,70,17972.01800766635
San Francisco,Mission District,Townhouse,5,3.0,829,1917,720401.0,16,3234.9224214216424
San Francisco,Nob Hill,Townhouse,1,3.0,2173,1947,2031755.0,41,9123.48789679016
San Francisco,Nob Hill,Townhouse,5,2.0,3127,1960,3013177.1999999997,88,13530.512150866647
San Francisco,Sunset District,Single Family,3,2.0,950,1914,901208.0,30,4046.826650108142
San Francisco,Downtown,Single Family,1,2.0,1611,1974,1762176.24,73,7912.958795549264
San Francisco,Downtown,Townhouse,3,2.5,1927,2016,2094263.6,49,9404.179444513828
San Francisco,Mission District,Condo,2,1.0,1591,1999,1335676.32,46,5997.783561280382
San Francisco,Sunset District,Townhouse,3,1.5,1114,1979,1120015.6,83,5029.370554430121
San Francisco,Downtown,Single Family,2,2.0,3184,1967,3428849.6,75,15397.066981754093
San Francisco,Downtown,Townhouse,3,2.0,2721,1960,2621955.6,57,11773.752338505965
San Francisco,Downtown,Townhouse,3,1.5,3342,1927,2977722.0000000005,83,13371.302458714656
San Francisco,Sunset District,Townhouse,5,2.0,2284,1911,1954647.1999999997,64,8777.239417003908
San Francisco,Nob Hill,Condo,1,1.5,2544,1913,1750679.04,89,7861.331229702508
San Francisco,Nob Hill,Townhouse,5,1.5,3826,1954,3636230.4,68,16328.299447689531
San Francisco,Mission District,Townhouse,3,3.0,1539,1904,1293375.5999999999,55,5807.834425215497
San Francisco,Sunset District,Townhouse,1,1.0,1805,1973,1790921.0,36,8042.035613352659
San Francisco,Sunset District,Single Family,4,1.0,2278,2003,2651637.56,36,11907.037603123505
San Francisco,Mission District,Condo,1,3.0,3077,1913,2117468.32,64,9508.379006994739
San Francisco,Nob Hill,Condo,1,2.0,1666,1978,1337064.96,26,6004.01917543317
San Francisco,Nob Hill,Condo,4,2.0,3827,1955,2916480.16,27,13096.299229478276
San Francisco,Downtown,Condo,5,1.0,3389,1965,2642335.52,50,11865.267286645652
San Francisco,Mission District,Condo,3,2.5,2559,1942,1891612.8,36,8494.186792311744
San Francisco,Nob Hill,Single Family,2,1.0,1239,1983,1382253.1800000002,69,6206.934476858535
San Francisco,Nob Hill,Condo,3,3.0,1554,2010,1334699.52,70,5993.397292769865
San Francisco,Nob Hill,Townhouse,5,1.0,3578,1950,3369044.8,51,15128.516704299402
San Francisco,Mission District,Single Family,1,3.0,3013,1919,2894709.62,67,12998.53977610098
San Francisco,Sunset District,Single Family,1,1.5,1524,1918,1460479.68,25,6558.206419567304
San Francisco,Mission District,Condo,4,1.5,2425,2022,2134000.0,34,9582.613637840293
San Francisco,Mission District,Condo,2,2.5,1382,2000,1162648.96,17,5220.813392744533
San Francisco,Downtown,Condo,1,2.5,2703,1922,1902912.0,25,8544.925249676638
San Francisco,Mission District,Single Family,4,1.5,638,1927,625303.8,63,2807.89349656671
San Francisco,Nob Hill,Single Family,5,2.5,2748,1925,2680014.4800000004,18,12034.462654947265
San Francisco,Sunset District,Condo,2,2.0,2611,1945,1943837.2800000003,76,8728.698045487527
San Francisco,Downtown,Condo,2,2.0,2563,2011,2205820.3200000003,74,9905.118969567591
San Francisco,Mission District,Townhouse,1,1.0,3918,1994,4068451.2,71,18269.163989694334
San Francisco,Sunset District,Condo,5,1.5,1376,1921,966282.2399999999,27,4339.039067960106
San Francisco,Downtown,Condo,3,2.5,1535,1916,1064430.4,29,4779.768166622211
San Francisco,Mission District,Townhouse,5,1.0,3703,1908,3144587.6,54,14120.603571294976
San Francisco,Nob Hill,Condo,3,3.0,1705,1976,1362363.2,87,6117.619578262296
San Francisco,Sunset District,Condo,3,2.5,1950,2020,1709136.0,62,7674.784415428214
San Francisco,Mission District,Townhouse,4,2.0,2992,1995,3113475.2,76,13980.894991845144
San Francisco,Nob Hill,Single Family,5,1.0,2632,2000,3044592.3200000003,20,13671.580078395416
San Francisco,Sunset District,Single Family,1,2.5,2481,1913,2347571.82,68,10541.646550206915
San Francisco,Nob Hill,Townhouse,1,3.0,2295,1958,2201364.0,77,9885.108101335827
San Francisco,Mission District,Single Family,3,2.5,2266,2008,2665087.92,36,11967.435730194666
San Francisco,Nob Hill,Single Family,1,2.0,3553,1902,3267338.8,73,14671.811314116558
San Francisco,Nob Hill,Single Family,3,3.0,1878,1968,2026962.96,76,9101.969495732488
San Francisco,Nob Hill,Single Family,1,3.0,3409,1983,3803148.5799999996,36,17077.8366679667
San Francisco,Nob Hill,Single Family,5,1.5,875,2015,1043927.5,68,4687.700983325456
San Francisco,Nob Hill,Single Family,1,3.0,3944,1923,3827336.48,72,17186.45114800921
San Francisco,Nob Hill,Condo,3,3.0,3950,1945,2940696.0,86,13205.039172606559
San Francisco,Nob Hill,Townhouse,2,2.0,1380,1938,1262976.0,42,5671.326636300366
San Francisco,Downtown,Single Family,2,1.5,1512,1929,1489229.2800000003,27,6687.304971133591
San Francisco,Nob Hill,Condo,5,1.5,3428,1942,2533977.6,35,11378.691803065518
San Francisco,Nob Hill,Townhouse,1,2.0,3275,1914,2824360.0,87,12682.638544597286
San Francisco,Nob Hill,Condo,4,3.0,3118,1951,2354214.7199999997,44,10571.476139773367
San Francisco,Downtown,Single Family,4,1.0,2317,2010,2736284.3200000003,15,12287.13938230579
San Francisco,Nob Hill,Townhouse,3,1.5,1888,1931,1698822.4000000001,29,7628.471742506363
San Francisco,Nob Hill,Single Family,5,1.0,1552,1907,1445998.4000000001,86,6493.179001000583
San Francisco,Sunset District,Condo,4,1.0,2754,2003,2331426.24,56,10469.145680900992
San Francisco,Mission District,Townhouse,3,2.0,3510,1916,3042468.0,46,13662.040932283355
San Francisco,Mission District,Single Family,5,3.0,1023,1922,990263.9999999999,70,4446.727887283168
San Francisco,Mission District,Condo,2,3.0,1092,1963,847566.7200000001,68,3805.953331795485
San Francisco,Nob Hill,Single Family,1,2.0,1994,1910,1872286.24,63,8407.40190129556
San Francisco,Downtown,Townhouse,2,2.0,1470,1927,1309770.0000000002,31,5881.452607513628
San Francisco,Mission District,Townhouse,4,1.5,2173,2018,2371177.6,51,10647.647051312753
San Francisco,Sunset District,Condo,2,1.0,3970,1935,2885713.6,72,12958.143626176761
San Francisco,Downtown,Condo,1,1.0,1851,2018,1615848.96,74,7255.883917894121
San Francisco,Mission District,Townhouse,2,2.5,1978,2009,2119229.2,70,9516.286145093429
San Francisco,Sunset District,Single Family,2,1.5,3463,1939,3494651.8200000003,77,15692.548355124369
San Francisco,Nob Hill,Condo,4,2.5,1522,1908,1033985.92,30,4643.058846451191
San Francisco,Nob Hill,Townhouse,5,1.0,3449,1966,3368983.1999999997,38,15128.240092771708
San Francisco,Mission District,Condo,2,1.0,1905,1919,1331061.6,78,5977.06140626313
San Francisco,Nob Hill,Condo,3,2.0,751,1904,504912.32,81,2267.281951052288
San Francisco,Mission District,Townhouse,1,2.0,1059,2004,1122963.5999999999,67,5042.608391826724
San Francisco,Nob Hill,Condo,2,1.5,3499,1911,2395555.36,18,10757.114087599537
San Francisco,Sunset District,Townhouse,1,1.0,2201,1929,1970775.4000000004,17,8849.662242343093
San Francisco,Mission District,Single Family,1,2.5,2056,2015,2452931.36,76,11014.757967676727
San Francisco,Downtown,Single Family,4,3.0,3814,2021,4605710.12,66,20681.69662973339
San Francisco,Sunset District,Condo,1,3.0,1583,2020,1387467.8399999999,19,6230.350630575826
